{"Regression": 0.5280557084338857, "DecisionTree": 0.9894529439035697, "RandomForest": 0.9929155076495132, "GradientBoosting": 0.9879896847473343, "AdaBoost": 0.9863815484469171, "GNB": 0.7017993741307371, "k-NN": 0.9559362659701852}